10020	FAIL	(Anti-clickjacking header missing: X-Frame-Options DENY and frame-ancestors 'none' are required, SR-027)
10021	FAIL	(X-Content-Type-Options missing, SR-027)
10038	FAIL	(Content-Security-Policy not set, SR-027)
10063	FAIL	(Permissions-Policy not set, SR-027)
10010	FAIL	(A cookie without HttpOnly)
10054	FAIL	(A cookie without SameSite)
90022	FAIL	(Application error disclosure)
10055	IGNORE	(CSP: style-src keeps 'unsafe-inline' by decision, React writes style attributes; scripts are nonce-only. packages/auth/security-headers.ts)
10027	IGNORE	(Suspicious comments: minified framework bundles)
10096	IGNORE	(Timestamp disclosure: build identifiers in bundles)
10109	IGNORE	(Modern web application: informational)
10049	IGNORE	(Storable and cacheable content: static assets)
